<?xml version="1.0" encoding="UTF-8"?>
<project-private xmlns="http://www.netbeans.org/ns/project-private/1">
    <editor-bookmarks xmlns="http://www.netbeans.org/ns/editor-bookmarks/2" lastBookmarkId="0"/>
    <open-files xmlns="http://www.netbeans.org/ns/projectui-open-files/2">
        <group>
            <file>file:/home/juliana/Dropbox/unicesumar/programacao_I/aulas/codigo/revisaop2/src/revisaop2/Classe1.java</file>
            <file>file:/home/juliana/Dropbox/unicesumar/programacao_I/aulas/codigo/revisaop2/src/revisaop2/Revisaop2.java</file>
        </group>
    </open-files>
</project-private>
